"majorGb","knowDtlSchDptNm","knowSchDptNm","empCurtState1Id","empCurtState2Id"
"1","언어학과","언어학과","1","1"
"1","국제어문학부","언어학과","1","1"
"1","스토리텔링융복합전공","언어학과","1","1"
"1","언어인지과학과","언어학과","1","1"
"1","한국어교육학과","언어학과","1","1"
"1","국어국문학과","국어·국문학과","1","2"
"1","한국어문학과","국어·국문학과","1","2"
"1","한국어학과","국어·국문학과","1","2"
"1","한문학과","국어·국문학과","1","2"
"1","미디어콘텐츠전공","국어·국문학과","1","2"
"1","스토리텔링학과","국어·국문학과","1","2"
"1","통상언어전공","국어·국문학과","1","2"
"1","한국어교원학과","국어·국문학과","1","2"
"1","한국어통번역전공","국어·국문학과","1","2"
"1","문예창작학과","문예창작과","1","3"
"1","문예창작과","문예창작과","1","3"
"1","미디어문예창작학과","문예창작과","1","3"
"1","일어일문학과","일본어·문학과","1","4"
"1","일본학과","일본어·문학과","1","4"
"1","일본어과","일본어·문학과","1","4"
"1","관광일어과","일본어·문학과","1","4"
"1","일본비즈니스학과","일본어·문학과","1","4"
"1","중어중문학과","중국어·문학과","1","5"
"1","중국학과","중국어·문학과","1","5"
"1","중국어학과","중국어·문학과","1","5"
"1","중국언어문화전공","중국어·문학과","1","5"
"1","관광중국어과","중국어·문학과","1","5"
"1","중국비즈니스전공","중국어·문학과","1","5"
"1","중국어서비스전공","중국어·문학과","1","5"
"1","한중통번역전공","중국어·문학과","1","5"
"1","영어영문학과","영미어·문학과","1","6"
"1","영어학과","영미어·문학과","1","6"
"1","영어과","영미어·문학과","1","6"
"1","관광영어과","영미어·문학과","1","6"
"1","실용영어학과","영미어·문학과","1","6"
"1","영어통번역전공","영미어·문학과","1","6"
"1","독어독문학과","독일어·문학과","1","7"
"1","독일언어문화학과","독일어·문학과","1","7"
"1","독일어과","독일어·문학과","1","7"
"1","독일어통번역과","독일어·문학과","1","7"
"1","노어노문학과","러시아어·문학과","1","8"
"1","러시아어과","러시아어·문학과","1","8"
"1","러시아어문학과","러시아어·문학과","1","8"
"1","러시아언어문화전공","러시아어·문학과","1","8"
"1","러시아학과","러시아어·문학과","1","8"
"1","스페인어과","스페인어·문학과","1","9"
"1","스페인∙중남미학과","스페인어·문학과","1","9"
"1","서어서문학과","스페인어·문학과","1","9"
"1","불어불문학과","프랑스어·문학과","1","10"
"1","프랑스어과","프랑스어·문학과","1","10"
"1","프랑스어문학과","프랑스어·문학과","1","10"
"1","프랑스언어문화학과","프랑스어·문학과","1","10"
"1","프랑스학과","프랑스어·문학과","1","10"
"1","태국어과","기타 아시아어·문학과","1","11"
"1","터어키어과","기타 아시아어·문학과","1","11"
"1","몽골어과","기타 아시아어·문학과","1","11"
"1","인도어(학)과","기타 아시아어·문학과","1","11"
"1","동양어문학과","기타 아시아어·문학과","1","11"
"1","베트남어과","기타 아시아어·문학과","1","11"
"1","아랍어과","기타 아시아어·문학과","1","11"
"1","말레이·인도네시어과","기타 아시아어·문학과","1","11"
"1","미얀마어과","기타 아시아어·문학과","1","11"
"1","이란어과","기타 아시아어·문학과","1","11"
"1","네덜란드어과","기타 유럽어·문학과","1","12"
"1","우크라이나어과","기타 유럽어·문학과","1","12"
"1","터키∙아제르바이잔어과","기타 유럽어·문학과","1","12"
"1","아프리카어(학)과","기타 유럽어·문학과","1","12"
"1","체코슬로바키아어과","기타 유럽어·문학과","1","12"
"1","루마니아어과","기타 유럽어·문학과","1","12"
"1","스칸디나비아어과","기타 유럽어·문학과","1","12"
"1","그리스∙불가리아학과","기타 유럽어·문학과","1","12"
"1","이탈리아어과","기타 유럽어·문학과","1","12"
"1","포르투갈어과","기타 유럽어·문학과","1","12"
"1","폴란드어과","기타 유럽어·문학과","1","12"
"1","헝가리어과","기타 유럽어·문학과","1","12"
"1","세르비아∙크로아티아어과","기타 유럽어·문학과","1","12"
"1","문헌정보학과","문헌정보학과","1","13"
"1","아동문헌정보학과","문헌정보학과","1","13"
"1","심리학과","심리학과","1","14"
"1","상담심리학과","심리학과","1","14"
"1","심리치료학과","심리학과","1","14"
"1","뇌인지과학전공","심리학과","1","14"
"1","문화인류학과","문화·민속·미술사학과","1","15"
"1","조형문화과","문화·민속·미술사학과","1","15"
"1","한국문화전공","문화·민속·미술사학과","1","15"
"1","미술사학과","문화·민속·미술사학과","1","15"
"1","문화재보존학과","문화·민속·미술사학과","1","15"
"1","고고미술사학과","문화·민속·미술사학과","1","15"
"1","문화콘텐츠학과","문화·민속·미술사학과","1","15"
"1","문화(학)과","문화·민속·미술사학과","1","15"
"1","문화유적학과","문화·민속·미술사학과","1","15"
"1","민속학과","문화·민속·미술사학과","1","15"
"1","인류학과","문화·민속·미술사학과","1","15"
"1","사학과","역사·고고학과","1","16"
"1","국사학과","역사·고고학과","1","16"
"1","역사문화학과","역사·고고학과","1","16"
"1","역사학과","역사·고고학과","1","16"
"1","한국사학과","역사·고고학과","1","16"
"1","사학전공","역사·고고학과","1","16"
"1","고고학과","역사·고고학과","1","16"
"1","신학과","종교학과","1","17"
"1","기독교학과","종교학과","1","17"
"1","불교학과","종교학과","1","17"
"1","종교문화학과","종교학과","1","17"
"1","종교학과","종교학과","1","17"
"1","원불교학과","종교학과","1","17"
"1","중국학과","국제지역학과","1","18"
"1","독일학과","국제지역학과","1","18"
"1","북한학과","국제지역학과","1","18"
"1","아랍지역학과","국제지역학과","1","18"
"1","아세안지역전공","국제지역학과","1","18"
"1","영미지역학","국제지역학과","1","18"
"1","유라시아학과","국제지역학과","1","18"
"1","유럽학과","국제지역학과","1","18"
"1","중동학과","국제지역학과","1","18"
"1","프랑스학과","국제지역학과","1","18"
"1","일본학과","국제지역학과","1","18"
"1","러시아학과","국제지역학과","1","18"
"1","미국학과","국제지역학과","1","18"
"1","국제지역학과","국제지역학과","1","18"
"1","글로벌학부","국제지역학과","1","18"
"1","동아시아학과","국제지역학과","1","18"
"1","아시아학부","국제지역학과","1","18"
"1","국제학","국제지역학과","1","18"
"1","철학과","철학·윤리학과","1","19"
"1","철학전공","철학·윤리학과","1","19"
"1","역사철학부","철학·윤리학과","1","19"
"1","윤리문화학전공","철학·윤리학과","1","19"
"1","철학윤리학과","철학·윤리학과","1","19"
"1","경영학과","경영학과","2","1"
"1","빅데이터경영학과","경영학과","2","1"
"1","서비스경영과","경영학과","2","1"
"1","경영정보학과","경영학과","2","1"
"1","경영과","경영학과","2","1"
"1","글로벌경영학과","경영학과","2","1"
"1","국제경영학과","경영학과","2","1"
"1","융합경영학과","경영학과","2","1"
"1","글로벌비즈니스학과","경영학과","2","1"
"1","국제산업정보학과","경영학과","2","1"
"1","디지털경영전공","경영학과","2","1"
"1","경제학과","경제학과","2","2"
"1","농업경제학과","경제학과","2","2"
"1","글로벌경제학과","경제학과","2","2"
"1","경제통상학부","경제학과","2","2"
"1","경제금융학과","경제학과","2","2"
"1","산업경제학과","경제학과","2","2"
"1","자원경제학과","경제학과","2","2"
"1","행정경제학과","경제학과","2","2"
"1","관광경영학과","호텔·관광경영학과","2","3"
"1","호텔관광과","호텔·관광경영학과","2","3"
"1","호텔경영학과","호텔·관광경영학과","2","3"
"1","관광학부","호텔·관광경영학과","2","3"
"1","항공관광과","호텔·관광경영학과","2","3"
"1","외식산업과","호텔·관광경영학과","2","3"
"1","의료관광과","호텔·관광경영학과","2","3"
"1","의료관광서비스전공","호텔·관광경영학과","2","3"
"1","항공서비스학과","항공서비스과","2","4"
"1","항공운항학과","항공서비스과","2","4"
"1","항공서비스경영학과","항공서비스과","2","4"
"1","항공경영과","항공서비스과","2","4"
"1","항공비서과","항공서비스과","2","4"
"1","항공운항서비스과","항공서비스과","2","4"
"1","광고홍보학과","광고·홍보학과","2","5"
"1","광고홍보학전공","광고·홍보학과","2","5"
"1","언론광고학부","광고·홍보학과","2","5"
"1","언론홍보학과","광고·홍보학과","2","5"
"1","금융보험학과","금융·보험학과","2","6"
"1","자산관리(운용)학과","금융·보험학과","2","6"
"1","금융자산관리학과","금융·보험학과","2","6"
"1","국제금융학과","금융·보험학과","2","6"
"1","금융경영학과","금융·보험학과","2","6"
"1","금융재무학과","금융·보험학과","2","6"
"1","세무회계학과","세무·회계학과","2","7"
"1","회계학과","세무·회계학과","2","7"
"1","세무회계정보과","세무·회계학과","2","7"
"1","경영회계학과","세무·회계학과","2","7"
"1","세무학과","세무·회계학과","2","7"
"1","무역학과","무역·유통학과","2","8"
"1","국제통상학과","무역·유통학과","2","8"
"1","유통물류학과","무역·유통학과","2","8"
"1","국제무역학과","무역·유통학과","2","8"
"1","국제물류학과","무역·유통학과","2","8"
"1","항공항만무역과","무역·유통학과","2","8"
"1","법학과","법학과","2","9"
"1","경찰법학전공","법학과","2","9"
"1","공법학전공","법학과","2","9"
"1","법률실무과","법학과","2","9"
"1","사법학전공","법학과","2","9"
"1","지식재산학과","법학과","2","9"
"1","공공인재법학과","법학과","2","9"
"1","국제법무학과","법학과","2","9"
"1","법률행정학과","법학과","2","9"
"1","사회복지학과","사회복지학과","2","10"
"1","장애상담학과","사회복지학과","2","10"
"1","재활상담학과","사회복지학과","2","10"
"1","평생교육(복지)전공","사회복지학과","2","10"
"1","사회복지상담학과","사회복지학과","2","10"
"1","사회복지행정학과","사회복지학과","2","10"
"1","보건복지과","사회복지학과","2","10"
"1","복지경영학과","사회복지학과","2","10"
"1","가족복지과","사회복지학과","2","10"
"1","실용사회복지학과","사회복지학과","2","10"
"1","의료복지학과","사회복지학과","2","10"
"1","임상사회복지전공","사회복지학과","2","10"
"1","아동학과","아동·청소년복지학과","2","11"
"1","특수아동과","아동·청소년복지학과","2","11"
"1","아동복지학과","아동·청소년복지학과","2","11"
"1","아동가족학과","아동·청소년복지학과","2","11"
"1","영유아보육학과","아동·청소년복지학과","2","11"
"1","보육과","아동·청소년복지학과","2","11"
"1","아동교육학과","아동·청소년복지학과","2","11"
"1","아동심리학과","아동·청소년복지학과","2","11"
"1","아동청소년복지과","아동·청소년복지학과","2","11"
"1","청소년학과","아동·청소년복지학과","2","11"
"1","노인복지학과","노인복지학과","2","12"
"1","고령친화융복합학과","노인복지학과","2","12"
"1","실버케어복지학과","노인복지학과","2","12"
"1","고령친화서비스전공","노인복지학과","2","12"
"1","노인재활복지학과","노인복지학과","2","12"
"1","실버산업연계전공","노인복지학과","2","12"
"1","실버컨설팅학과","노인복지학과","2","12"
"1","국제학부","국제학과","2","13"
"1","국제관계학과","국제학과","2","13"
"1","국제개발협력전공","국제학과","2","13"
"1","아시아국제관계학과","국제학과","2","13"
"1","부동산학과","도시·지역학과","2","14"
"1","도시계획부동산학과","도시·지역학과","2","14"
"1","도시계획학과","도시·지역학과","2","14"
"1","부동산지적학과","도시·지역학과","2","14"
"1","지적학과","도시·지역학과","2","14"
"1","도시지적행정학과","도시·지역학과","2","14"
"1","지역개발학전공","도시·지역학과","2","14"
"1","지역정보전공","도시·지역학과","2","14"
"1","지리학과","도시·지역학과","2","14"
"1","사회학과","사회학과","2","15"
"1","정보사회학과","사회학과","2","15"
"1","도시사회학과","사회학과","2","15"
"1","신문방송학과","신문방송학과","2","16"
"1","언론정보학과","신문방송학과","2","16"
"1","저널리즘전공","신문방송학과","2","16"
"1","커뮤니케이션학과","신문방송학과","2","16"
"1","언론영상학과","신문방송학과","2","16"
"1","방송정보학과","신문방송학과","2","16"
"1","언론심리학부","신문방송학과","2","16"
"1","언론학과","신문방송학과","2","16"
"1","정보문화학과","신문방송학과","2","16"
"1","미디어커뮤니케이션학과","정보미디어학과","2","17"
"1","방송제작과","정보미디어학과","2","17"
"1","정보미디어학과","정보미디어학과","2","17"
"1","디지털미디어학과","정보미디어학과","2","17"
"1","방송영상과","정보미디어학과","2","17"
"1","미디어콘텐츠학과","정보미디어학과","2","17"
"1","방송영상미디어학과","정보미디어학과","2","17"
"1","미디어영상학과","정보미디어학과","2","17"
"1","광고영상미디어학과","정보미디어학과","2","17"
"1","미디어문학과","정보미디어학과","2","17"
"1","방송미디어학과","정보미디어학과","2","17"
"1","정치외교학과","정치외교학과","2","18"
"1","통일학부","정치외교학과","2","18"
"1","안보학과","정치외교학과","2","18"
"1","외교학과","정치외교학과","2","18"
"1","정치학과","정치외교학과","2","18"
"1","정치행정학과","정치외교학과","2","18"
"1","행정학과","행정학과","2","19"
"1","행정정보과","행정학과","2","19"
"1","행정정책학과","행정학과","2","19"
"1","공공인재학부","행정학과","2","19"
"1","공공행정학과","행정학과","2","19"
"1","자치행정학과","행정학과","2","19"
"1","도시행정학과","행정학과","2","19"
"1","행정부동산학부","행정학과","2","19"
"1","공공정책전공","행정학과","2","19"
"1","소방행정과","행정학과","2","19"
"1","토지행정학과","행정학과","2","19"
"1","경찰(경호)행정학과","경찰행정학과","2","20"
"1","경찰학과","경찰행정학과","2","20"
"1","경찰경호과","경찰행정학과","2","20"
"1","해양경찰학과","경찰행정학과","2","20"
"1","사이버경찰과","경찰행정학과","2","20"
"1","범죄수사학과","경찰행정학과","2","20"
"1","보건행정학과","보건행정학과","2","21"
"1","의료경영과","보건행정학과","2","21"
"1","의무행정과","보건행정학과","2","21"
"1","의료정보시스템전공","보건행정학과","2","21"
"1","보건의료정보과","보건행정학과","2","21"
"1","의료정보관리과","보건행정학과","2","21"
"1","의료정보행정학과","보건행정학과","2","21"
"1","의료코디네이터과","보건행정학과","2","21"
"1","비서행정과","비서학과","2","22"
"1","비서경영과","비서학과","2","22"
"1","국제비서과","비서학과","2","22"
"1","비서과","비서학과","2","22"
"1","비서사무행정학과","비서학과","2","22"
"1","교육학과","교육학과","3","1"
"1","교육공학과","교육학과","3","1"
"1","교육심리학과","교육학과","3","1"
"1","평생교육학과","교육학과","3","1"
"1","유아교육학과","유아교육학과","3","2"
"1","보육학과","유아교육학과","3","2"
"1","아동보육과","유아교육학과","3","2"
"1","영유아보육과","유아교육학과","3","2"
"1","유아보육과","유아교육학과","3","2"
"1","아동미술보육과","유아교육학과","3","2"
"1","특수교육과","특수교육학과","3","3"
"1","초등특수교육과","특수교육학과","3","3"
"1","중등특수교육과","특수교육학과","3","3"
"1","유아특수교육과","특수교육학과","3","3"
"1","특수체육교육과","특수교육학과","3","3"
"1","초등교육과","초등교육학과","3","4"
"1","윤리교육과","인문교육과","3","5"
"1","기독교교육과","인문교육과","3","5"
"1","문헌정보교육과","인문교육과","3","5"
"1","국어교육과","언어교육과","3","6"
"1","영어교육과","언어교육과","3","6"
"1","일어교육과","언어교육과","3","6"
"1","독어교육과","언어교육과","3","6"
"1","불어교육과","언어교육과","3","6"
"1","한문교육과","언어교육과","3","6"
"1","한국어교육과","언어교육과","3","6"
"1","중국어교육과","언어교육과","3","6"
"1","사회교육과","사회교육과","3","7"
"1","일반사회교육과","사회교육과","3","7"
"1","역사교육과","사회교육과","3","7"
"1","지리교육과","사회교육과","3","7"
"1","상업정보교육과","사회교육과","3","7"
"1","컴퓨터교육과","공학교육과","3","8"
"1","건설공학교육과","공학교육과","3","8"
"1","기계교육과","공학교육과","3","8"
"1","전기・전자・통신공학교육과","공학교육과","3","8"
"1","전자공학교육과","공학교육과","3","8"
"1","화학공학교육과","공학교육과","3","8"
"1","기계・금속공학교육전공","공학교육과","3","8"
"1","기계・재료공학교육과","공학교육과","3","8"
"1","정보전자공학교육과","공학교육과","3","8"
"1","수학교육과","자연계교육과","3","9"
"1","농업교육과","자연계교육과","3","9"
"1","수해양산업교육과","자연계교육과","3","9"
"1","공업교육학부","자연계교육과","3","9"
"1","기술교육과","자연계교육과","3","9"
"1","정보과학교육과","자연계교육과","3","9"
"1","가정교육과","자연계교육과","3","9"
"1","과학교육과","자연계교육과","3","9"
"1","물리교육과","자연계교육과","3","9"
"1","생물교육과","자연계교육과","3","9"
"1","지구과학교육과","자연계교육과","3","9"
"1","화학교육과","자연계교육과","3","9"
"1","환경교육과","자연계교육과","3","9"
"1","기술・가정교육과","자연계교육과","3","9"
"1","미술교육과","예체능교육과","3","10"
"1","음악교육과","예체능교육과","3","10"
"1","체육교육과","예체능교육과","3","10"
"1","보건교육과","예체능교육과","3","10"
"1","식물생명과학과","농업학과","4","1"
"1","스마트팜도시농업과","농업학과","4","1"
"1","친환경바이오융합학과","농업학과","4","1"
"1","축산학과","농업학과","4","1"
"1","바이오시스템공학과","농업학과","4","1"
"1","가금학과","농업학과","4","1"
"1","곤충산업과","농업학과","4","1"
"1","낙농학과","농업학과","4","1"
"1","농생명학과","농업학과","4","1"
"1","농학과","농업학과","4","1"
"1","사료생산공학과","농업학과","4","1"
"1","산림과학과","산림·원예학과","4","2"
"1","원예학과","산림·원예학과","4","2"
"1","임학과","산림·원예학과","4","2"
"1","화훼학과","산림·원예학과","4","2"
"1","목재응용과학과","산림·원예학과","4","2"
"1","임산공학과","산림·원예학과","4","2"
"1","환경원예학과","산림·원예학과","4","2"
"1","원예디자인과","산림·원예학과","4","2"
"1","화훼원예과","산림·원예학과","4","2"
"1","생명산업학전공","산림·원예학과","4","2"
"1","시설농업학전공","산림·원예학과","4","2"
"1","원예조경과","산림·원예학과","4","2"
"1","수산양식학과","수산학과","4","3"
"1","해양바이오산업학과","수산학과","4","3"
"1","해양생명의학전공","수산학과","4","3"
"1","해양생산학전공","수산학과","4","3"
"1","생명과학과","생명과학과","4","4"
"1","바이오공학전공","생명과학과","4","4"
"1","바이오의약전공","생명과학과","4","4"
"1","생명화학공학과","생명과학과","4","4"
"1","제약공학전공","생명과학과","4","4"
"1","생명공학과","생명과학과","4","4"
"1","의생명과학과","생명과학과","4","4"
"1","의생명공학과","생명과학과","4","4"
"1","분자생명공학(과학)과","생명과학과","4","4"
"1","유전공학과","생명과학과","4","4"
"1","생명시스템학과","생명과학과","4","4"
"1","바이오산업공학과","생명과학과","4","4"
"1","나노바이오학과","생명과학과","4","4"
"1","수의학과","수의학과","4","5"
"1","수의예과","수의학과","4","5"
"1","애완동물학과","(애완)동물학과","4","6"
"1","애완동물관리과","(애완)동물학과","4","6"
"1","특수동물학과","(애완)동물학과","4","6"
"1","마사과","(애완)동물학과","4","6"
"1","동물조련과","(애완)동물학과","4","6"
"1","말산업학과","(애완)동물학과","4","6"
"1","반려동물산업학과","(애완)동물학과","4","6"
"1","화학과","화학과","4","7"
"1","응용화학과","화학과","4","7"
"1","정밀화학과","화학과","4","7"
"1","화장품과학과","화학과","4","7"
"1","생명화학과","화학과","4","7"
"1","의화학전공","화학과","4","7"
"1","가정관리학과","가정관리학과","4","8"
"1","아동가족학과","가정관리학과","4","8"
"1","소비자아동학과","가정관리학과","4","8"
"1","주거환경학과","가정관리학과","4","8"
"1","소비자학과","가정관리학과","4","8"
"1","생활복지주거학과","가정관리학과","4","8"
"1","소비자가족학과","가정관리학과","4","8"
"1","소비자정보학과","가정관리학과","4","8"
"1","소비자주거학과","가정관리학과","4","8"
"1","식품영양학과","식품영양학과","4","9"
"1","한방식품과학부","식품영양학과","4","9"
"1","식품공학(과학)과","식품영양학과","4","9"
"1","식품생명공학과","식품영양학과","4","9"
"1","식품생명과학과","식품영양학과","4","9"
"1","바이오식품과학(공학)과","식품영양학과","4","9"
"1","식품(영양)조리학과","식품영양학과","4","9"
"1","식품개발학과","식품영양학과","4","9"
"1","식품생명학부","식품영양학과","4","9"
"1","식품생물공학과","식품영양학과","4","9"
"1","호텔외식조리과","식품조리학과","4","10"
"1","한식조리과","식품조리학과","4","10"
"1","호텔조리과","식품조리학과","4","10"
"1","호텔조리제과제빵과","식품조리학과","4","10"
"1","식품조리학과","식품조리학과","4","10"
"1","제과제빵과","식품조리학과","4","10"
"1","외식조리과","식품조리학과","4","10"
"1","커피바리스타과","식품조리학과","4","10"
"1","푸드스타일링전공","식품조리학과","4","10"
"1","외식조리산업과","식품조리학과","4","10"
"1","의류학과","의류·의상학과","4","11"
"1","의류산업학과","의류·의상학과","4","11"
"1","의류패션학과","의류·의상학과","4","11"
"1","패션산업학과","의류·의상학과","4","11"
"1","의상학과","의류·의상학과","4","11"
"1","패션마케팅과","의류·의상학과","4","11"
"1","수학과","수학과","4","12"
"1","응용수학과","수학과","4","12"
"1","수리학과","수학과","4","12"
"1","금융수학과","수학과","4","12"
"1","정보수학과","수학과","4","12"
"1","통계학과","통계학과","4","13"
"1","의료통계전공","통계학과","4","13"
"1","수학통계학과","통계학과","4","13"
"1","응용통계학과","통계학과","4","13"
"1","정보통계학과","통계학과","4","13"
"1","데이터과학과","통계학과","4","13"
"1","전산통계학과","통계학과","4","13"
"1","데이터사이언스학과","통계학과","4","13"
"1","빅데이터공학과","통계학과","4","13"
"1","금융통계학과","통계학과","4","13"
"1","수학통계학부","통계학과","4","13"
"1","물리학과","물리·과학과","4","14"
"1","응용물리학과","물리·과학과","4","14"
"1","전자물리학과","물리·과학과","4","14"
"1","나노물리학과","물리·과학과","4","14"
"1","나노과학(공학)전공","물리·과학과","4","14"
"1","물리천문학과","물리·과학과","4","14"
"1","반도체물리학과","물리·과학과","4","14"
"1","지구물리학과","물리·과학과","4","14"
"1","대기환경과학전공","천문·기상학과","4","15"
"1","천문우주학과","천문·기상학과","4","15"
"1","천문대기과학전공","천문·기상학과","4","15"
"1","지질학과","지구과학과","4","16"
"1","지적학과","지구과학과","4","16"
"1","지질환경과학과","지구과학과","4","16"
"1","지구시스템공학과","지구과학과","4","16"
"1","GIS과","지구과학과","4","16"
"1","공간(지구)정보전공","지구과학과","4","16"
"1","지구물리학전공","지구과학과","4","16"
"1","생물학과","생물학과","4","17"
"1","해양생물학과","생물학과","4","17"
"1","바이오동물전공","생물학과","4","17"
"1","바이오의약학과","생물학과","4","17"
"1","생물환경학과","생물학과","4","17"
"1","생화학과","생물학과","4","17"
"1","미생물학과","생물학과","4","17"
"1","분자생물학과","생물학과","4","17"
"1","생물과학과","생물학과","4","17"
"1","응용(미)생물학과","생물학과","4","17"
"1","응용생물화학과","생물학과","4","17"
"1","해양생명학과","생물학과","4","17"
"1","식량자원학과","자원학과","4","18"
"1","생명자원공학부","자원학과","4","18"
"1","임산자원전공","자원학과","4","18"
"1","동물자원과학과","자원학과","4","18"
"1","산림자원학과","자원학과","4","18"
"1","식물자원학과","자원학과","4","18"
"1","생물자원과학과","자원학과","4","18"
"1","자원공학과","자원학과","4","18"
"1","해양자원학과","자원학과","4","18"
"1","건축학과","건축학과","5","1"
"1","건축과","건축학과","5","1"
"1","실내건축학과","건축학과","5","1"
"1","친환경건축학과","건축학과","5","1"
"1","건축디자인전공","건축학과","5","1"
"1","건축리모델링과","건축학과","5","1"
"1","건축설계전공","건축학과","5","1"
"1","도시건축학과","건축학과","5","1"
"1","전통건축학과","건축학과","5","1"
"1","건축공학과","건축·설비공학과","5","2"
"1","건축기계설비과","건축·설비공학과","5","2"
"1","건축시스템공학과","건축·설비공학과","5","2"
"1","건설환경계열","건축·설비공학과","5","2"
"1","건축설비과","건축·설비공학과","5","2"
"1","건축설비소방과","건축·설비공학과","5","2"
"1","조경학과","조경학과","5","3"
"1","녹지조경학과","조경학과","5","3"
"1","환경조경과","조경학과","5","3"
"1","도시조경과","조경학과","5","3"
"1","산림조경학과","조경학과","5","3"
"1","토목공학과","토목공학과","5","4"
"1","건설시스템공학과","토목공학과","5","4"
"1","건설환경공학과","토목공학과","5","4"
"1","철도건설과","토목공학과","5","4"
"1","토목과","토목공학과","5","4"
"1","건설환경공학전공","토목공학과","5","4"
"1","토목조경과","토목공학과","5","4"
"1","토목환경과","토목공학과","5","4"
"1","도시공학과","도시공학과","5","5"
"1","도시건설과","도시공학과","5","5"
"1","도시정보공학전공","도시공학과","5","5"
"1","도시계획공학과","도시공학과","5","5"
"1","교통공학과","지상교통공학과","5","6"
"1","철도운전시스템과","지상교통공학과","5","6"
"1","교통시스템공학과","지상교통공학과","5","6"
"1","물류시스템공학전공","지상교통공학과","5","6"
"1","철도시설과","지상교통공학과","5","6"
"1","항공우주공학과","항공학과","5","7"
"1","항공시스템공학과","항공학과","5","7"
"1","항공정비학과","항공학과","5","7"
"1","무인항공(드론)학과","항공학과","5","7"
"1","항공교통학과","항공학과","5","7"
"1","항공보안과","항공학과","5","7"
"1","해양공학과","해양공학과","5","8"
"1","선박해양공학과","해양공학과","5","8"
"1","조선해양공학과","해양공학과","5","8"
"1","조선해양플랜트과","해양공학과","5","8"
"1","조선기계과","해양공학과","5","8"
"1","해양학과","해양공학과","5","8"
"1","해양시스템공학과","해양공학과","5","8"
"1","기계공학과","기계공학과","5","9"
"1","냉동공조공학과","기계공학과","5","9"
"1","기계자동차과","기계공학과","5","9"
"1","정밀기계공학과","기계공학과","5","9"
"1","기계설계공학과","기계공학과","5","9"
"1","기계융합공학과","기계공학과","5","9"
"1","자동화시스템과","기계공학과","5","9"
"1","지능로봇과","기계공학과","5","9"
"1","컴퓨터응용기계과","기계공학과","5","9"
"1","기계과","기계공학과","5","9"
"1","금형(설계)과","기계공학과","5","9"
"1","기계자동화과","기계공학과","5","9"
"1","금속재료과","재료·금속공학과","5","10"
"1","재료공학과","재료·금속공학과","5","10"
"1","제철산업과","재료·금속공학과","5","10"
"1","나노재료공학전공","재료·금속공학과","5","10"
"1","금속재료공학과","재료·금속공학과","5","10"
"1","전자재료공학과","재료·금속공학과","5","10"
"1","자동차공학과","자동차공학과","5","11"
"1","미래자동차공학과","자동차공학과","5","11"
"1","스마트자동차공학과","자동차공학과","5","11"
"1","자동차튜닝과","자동차공학과","5","11"
"1","자동차과","자동차공학과","5","11"
"1","전기자동차과","자동차공학과","5","11"
"1","자동차설계학과","자동차공학과","5","11"
"1","지능형자동차전공","자동차공학과","5","11"
"1","전기공학과","전기공학과","5","12"
"1","전기전자과","전기공학과","5","12"
"1","철도전기과","전기공학과","5","12"
"1","스마트전기전자과","전기공학과","5","12"
"1","전기과","전기공학과","5","12"
"1","전기시스템과","전기공학과","5","12"
"1","전기에너지과","전기공학과","5","12"
"1","전자공학과","전자공학과","5","13"
"1","전자전기공학과","전자공학과","5","13"
"1","디지털전자과","전자공학과","5","13"
"1","스마트전자과","전자공학과","5","13"
"1","디스플레이공학과","전자공학과","5","13"
"1","반도체전자과","전자공학과","5","13"
"1","융합전자과","전자공학과","5","13"
"1","정보전자전공","전자공학과","5","13"
"1","컴퓨터전자공학과","전자공학과","5","13"
"1","제어계측공학과","제어계측공학과","5","14"
"1","전기전자제어과","제어계측공학과","5","14"
"1","전기제어과","제어계측공학과","5","14"
"1","시스템제어공학과","제어계측공학과","5","14"
"1","전자제어공학과","제어계측공학과","5","14"
"1","메카트로닉스공학과","메카트로닉스(기전)공학과","5","15"
"1","로봇공학과","메카트로닉스(기전)공학과","5","15"
"1","스마트팩토리과","메카트로닉스(기전)공학과","5","15"
"1","기계메카트로닉스공학과","메카트로닉스(기전)공학과","5","15"
"1","로봇자동화과","메카트로닉스(기전)공학과","5","15"
"1","자동화기계과","메카트로닉스(기전)공학과","5","15"
"1","안경광학과","(안경)광학과","5","16"
"1","광공학과","(안경)광학과","5","16"
"1","나노광전자학과","(안경)광학과","5","16"
"1","에너지자원공학과","에너지공학과","5","17"
"1","원자력공학과","에너지공학과","5","17"
"1","미래에너지공학과","에너지공학과","5","17"
"1","바이오에너지공학과","에너지공학과","5","17"
"1","환경에너지공학과","에너지공학과","5","17"
"1","신재생에너지과","에너지공학과","5","17"
"1","에너지시스템학과","에너지공학과","5","17"
"1","에너지화학공학과","에너지공학과","5","17"
"1","전기에너지공학과","에너지공학과","5","17"
"1","환경공학과","환경공학과","5","18"
"1","지구환경과학과","환경공학과","5","18"
"1","환경보건학과","환경공학과","5","18"
"1","환경생명공학과","환경공학과","5","18"
"1","환경시스템공학과","환경공학과","5","18"
"1","환경학과","환경공학과","5","18"
"1","생태환경관광학부","환경공학과","5","18"
"1","해양환경학과","환경공학과","5","18"
"1","반도체공학과","반도체·세라믹공학과","5","19"
"1","반도체디스플레이학과","반도체·세라믹공학과","5","19"
"1","반도체장비공학과","반도체·세라믹공학과","5","19"
"1","반도체과학전공","반도체·세라믹공학과","5","19"
"1","반도체시스템공학과","반도체·세라믹공학과","5","19"
"1","세라믹공학과","반도체·세라믹공학과","5","19"
"1","섬유소재공학과","섬유공학과","5","20"
"1","섬유시스템공학과","섬유공학과","5","20"
"1","섬유비즈니스과","섬유공학과","5","20"
"1","신소재공학과","신소재공학과","5","21"
"1","나노신소재공학과","신소재공학과","5","21"
"1","신소재응용과","신소재공학과","5","21"
"1","융합소재공학과","신소재공학과","5","21"
"1","화학신소재학과","신소재공학과","5","21"
"1","나노소재전공","신소재공학과","5","21"
"1","바이오소재공학과","신소재공학과","5","21"
"1","항공신소재전공","신소재공학과","5","21"
"1","컴퓨터공학과","컴퓨터공학과","5","22"
"1","멀티미디어공학과","컴퓨터공학과","5","22"
"1","컴퓨터시스템공학과","컴퓨터공학과","5","22"
"1","응용시스템학과","컴퓨터공학과","5","22"
"1","컴퓨터과학전공","컴퓨터공학과","5","22"
"1","전산학과","컴퓨터공학과","5","22"
"1","전자계산학과","컴퓨터공학과","5","22"
"1","디지털콘텐츠과","응용소프트웨어공학과","5","23"
"1","소프트웨어공학과","응용소프트웨어공학과","5","23"
"1","스마트소프트웨어과","응용소프트웨어공학과","5","23"
"1","융합소프트웨어학과","응용소프트웨어공학과","5","23"
"1","스마트미디어학과","응용소프트웨어공학과","5","23"
"1","인공지능융합학과","응용소프트웨어공학과","5","23"
"1","AI소프트웨어전공","응용소프트웨어공학과","5","23"
"1","게임공학과","게임공학과","5","24"
"1","게임컨텐츠과","게임공학과","5","24"
"1","게임학과","게임공학과","5","24"
"1","게임소프트웨어전공","게임공학과","5","24"
"1","게임애니메이션과","게임공학과","5","24"
"1","게임제작과","게임공학과","5","24"
"1","게임컨설팅과","게임공학과","5","24"
"1","정보통신공학과","정보·통신공학과","5","25"
"1","전자정보통신공학과","정보·통신공학과","5","25"
"1","ICT융합학과","정보·통신공학과","5","25"
"1","스마트IT학과","정보·통신공학과","5","25"
"1","IT 융합학과","정보·통신공학과","5","25"
"1","IT정보제어공학부","정보·통신공학과","5","25"
"1","전자정보공학과","정보·통신공학과","5","25"
"1","정보시스템학과","정보·통신공학과","5","25"
"1","정보보안학과","정보보안·보호학과","5","26"
"1","정보보호학과","정보보안·보호학과","5","26"
"1","사이버보안과","정보보안·보호학과","5","26"
"1","IT 보안과","정보보안·보호학과","5","26"
"1","산업공학과","산업공학과","5","27"
"1","산업경영공학과","산업공학과","5","27"
"1","산업시스템공학과","산업공학과","5","27"
"1","산업정보공학과","산업공학과","5","27"
"1","시스템경영공학과","산업공학과","5","27"
"1","화학공학과","화학공학과","5","28"
"1","고분자공학과","화학공학과","5","28"
"1","생명화학공학과","화학공학과","5","28"
"1","화공생명학과","화학공학과","5","28"
"1","나노화학공학과","화학공학과","5","28"
"1","신소재학과","화학공학과","5","28"
"1","응용화학공학과","화학공학과","5","28"
"1","화장품학전공","화학공학과","5","28"
"1","소방방재학과","소방방재학과","5","29"
"1","소방안전관리학과","소방방재학과","5","29"
"1","안전공학과","소방방재학과","5","29"
"1","소방안전공학과","소방방재학과","5","29"
"1","건설방재공학과","소방방재학과","5","29"
"1","소방안전학과","소방방재학과","5","29"
"1","환경방재공학과","소방방재학과","5","29"
"1","의예과","의학과","6","1"
"1","의학과","의학과","6","1"
"1","의학부","의학과","6","1"
"1","대체의학과","의학과","6","1"
"1","치의학과","치의학과","6","2"
"1","치의예과","치의학과","6","2"
"1","한의학과","한의학과","6","3"
"1","한의예과","한의학과","6","3"
"1","간호학과","간호학과","6","4"
"1","간호과","간호학과","6","4"
"1","임상간호학과","간호학과","6","4"
"1","약학과","약학과","6","5"
"1","약학부","약학과","6","5"
"1","약학전공","약학과","6","5"
"1","제약학과","약학과","6","5"
"1","한약학과","약학과","6","5"
"1","임상의약학과","약학과","6","5"
"1","치위생학과","치위생학과","6","6"
"1","치위생과","치위생학과","6","6"
"1","보건관리학과","보건관리학과","6","7"
"1","보건학과","보건관리학과","6","7"
"1","산업보건학과","보건관리학과","6","7"
"1","보건환경과","보건관리학과","6","7"
"1","보건의료과","보건관리학과","6","7"
"1","임상병리학과","임상병리학과","6","8"
"1","임상병리과","임상병리학과","6","8"
"1","방사선학과","방사선학과","6","9"
"1","방사선과","방사선학과","6","9"
"1","응급구조학과","응급구조학과","6","10"
"1","응급구조과","응급구조학과","6","10"
"1","소방안전구급과","응급구조학과","6","10"
"1","재활공학과","재활학과","6","11"
"1","언어재활과","재활학과","6","11"
"1","직업재활학과","재활학과","6","11"
"1","언어치료학과","재활학과","6","11"
"1","보건건강운동관리과","재활학과","6","11"
"1","심리상담치료학과","재활학과","6","11"
"1","재활보건관리과","재활학과","6","11"
"1","미술치료과","재활학과","6","11"
"1","물리치료학과","물리치료학과","6","12"
"1","물리치료과","물리치료학과","6","12"
"1","작업치료학과","작업치료학과","6","13"
"1","작업치료과","작업치료학과","6","13"
"1","의용공학과","의료공학(의료장비)과 ","6","14"
"1","의공학과","의료공학(의료장비)과 ","6","14"
"1","의료공학과","의료공학(의료장비)과 ","6","14"
"1","의료시스템전공","의료공학(의료장비)과 ","6","14"
"1","한방의료공학과","의료공학(의료장비)과 ","6","14"
"1","치기공학과","치기공학과","6","15"
"1","치기공과","치기공학과","6","15"
"1","산업디자인학과","산업디자인학과","7","1"
"1","제품디자인공학전공","산업디자인학과","7","1"
"1","색채디자인과","산업디자인학과","7","1"
"1","제품디자인과","산업디자인학과","7","1"
"1","시각디자인학과","시각디자인학과","7","2"
"1","디지털디자인학과","시각디자인학과","7","2"
"1","멀티미디어디자인학과","시각디자인학과","7","2"
"1","커뮤니케이션디자인학과","시각디자인학과","7","2"
"1","광고디자인과","시각디자인학과","7","2"
"1","시각영상디자인과","시각디자인학과","7","2"
"1","시각정보디자인전공","시각디자인학과","7","2"
"1","출판디자인과","시각디자인학과","7","2"
"1","그래픽디자인학과","시각디자인학과","7","2"
"1","의상디자인학과","패션디자인학과","7","3"
"1","패션디자인학과","패션디자인학과","7","3"
"1","섬유패션디자인전공","패션디자인학과","7","3"
"1","텍스타일디자인학과","패션디자인학과","7","3"
"1","섬유디자인전공","패션디자인학과","7","3"
"1","패션디자인산업학과","패션디자인학과","7","3"
"1","실내디자인학과","실내디자인학과","7","4"
"1","공간디자인학과","실내디자인학과","7","4"
"1","실내건축디자인학과","실내디자인학과","7","4"
"1","공예과","공예학과","7","5"
"1","공예디자인학과","공예학과","7","5"
"1","귀금속보석공예학과","공예학과","7","5"
"1","도예학과","공예학과","7","5"
"1","금속공예학과","공예학과","7","5"
"1","세라믹디자인학과","공예학과","7","5"
"1","사진학과","사진·영상예술학과","7","6"
"1","사진영상학과","사진·영상예술학과","7","6"
"1","공연영상학과","사진·영상예술학과","7","6"
"1","미디어디자인과","사진·영상예술학과","7","6"
"1","방송영상과","사진·영상예술학과","7","6"
"1","영상디자인과","사진·영상예술학과","7","6"
"1","디지털콘텐츠과","사진·영상예술학과","7","6"
"1","만화애니메이션학과","만화·애니메이션학과","7","7"
"1","웹툰창작과","만화·애니메이션학과","7","7"
"1","만화콘텐츠과","만화·애니메이션학과","7","7"
"1","만화애니게임학과","만화·애니메이션학과","7","7"
"1","영상애니메이션과","만화·애니메이션학과","7","7"
"1","게임영상(콘텐츠)과","만화·애니메이션학과","7","7"
"1","미용과","뷰티아트과","7","8"
"1","코디네이션과","뷰티아트과","7","8"
"1","헤어전공","뷰티아트과","7","8"
"1","미용예술과","뷰티아트과","7","8"
"1","뷰티디자인과","뷰티아트과","7","8"
"1","뷰티아트과","뷰티아트과","7","8"
"1","피부미용학과","뷰티아트과","7","8"
"1","뷰티케어과","뷰티아트과","7","8"
"1","메이크업전공","뷰티아트과","7","8"
"1","뷰티매니저학과","뷰티아트과","7","8"
"1","스타일리스트과","뷰티아트과","7","8"
"1","무용학과","무용학과","7","9"
"1","무용예술학과","무용학과","7","9"
"1","발레전공","무용학과","7","9"
"1","한국무용전공","무용학과","7","9"
"1","현대무용전공","무용학과","7","9"
"1","생활무용학과","무용학과","7","9"
"1","실용무용전공","무용학과","7","9"
"1","체육학과","체육학과","7","10"
"1","스포츠(경기)지도학과","체육학과","7","10"
"1","스포츠산업학과","체육학과","7","10"
"1","스포츠재활학과","체육학과","7","10"
"1","사회체육학과","체육학과","7","10"
"1","생활체육학과","체육학과","7","10"
"1","운동처방학과","체육학과","7","10"
"1","스포츠과학과","체육학과","7","10"
"1","스포츠레저학과","체육학과","7","10"
"1","골프산업학과","체육학과","7","10"
"1","태권도과","체육학과","7","10"
"1","골프과","체육학과","7","10"
"1","경호학과","경호학과","7","11"
"1","경호스포츠과","경호학과","7","11"
"1","경호보안학과","경호학과","7","11"
"1","경찰무도학과","경호학과","7","11"
"1","경호비서학과","경호학과","7","11"
"1","조형학과","조형학과","7","12"
"1","생활조형디자인학과","조형학과","7","12"
"1","조소과","조형학과","7","12"
"1","판화과","조형학과","7","12"
"1","조각학과","조형학과","7","12"
"1","미술학과","미술학과","7","13"
"1","큐레이터전공","미술학과","7","13"
"1","현대미술전공","미술학과","7","13"
"1","회화과","미술학과","7","13"
"1","동양화과","미술학과","7","13"
"1","서양화과","미술학과","7","13"
"1","한국화과","미술학과","7","13"
"1","순수미술과","미술학과","7","13"
"1","실용미술과","미술학과","7","13"
"1","아동미술지도학과","미술학과","7","13"
"1","응용미술학과","미술학과","7","13"
"1","무대디자인과","연극·영화학과","7","14"
"1","연극영화학과","연극·영화학과","7","14"
"1","연극전공","연극·영화학과","7","14"
"1","영화전공","연극·영화학과","7","14"
"1","연기예술학과","연극·영화학과","7","14"
"1","연극영상학과","연극·영화학과","7","14"
"1","방송영화제작과","연극·영화학과","7","14"
"1","뮤지컬과","연극·영화학과","7","14"
"1","방송연예학과","방송·연예과","7","15"
"1","공연예술과","방송·연예과","7","15"
"1","모델과","방송·연예과","7","15"
"1","엔터테인먼트과","방송·연예과","7","15"
"1","방송기술학과","방송·연예과","7","15"
"1","방송연기전공","방송·연예과","7","15"
"1","음악학과","음악학과","7","16"
"1","국악과","음악학과","7","16"
"1","기악과","음악학과","7","16"
"1","관현악과","음악학과","7","16"
"1","피아노과","음악학과","7","16"
"1","성악과","음악학과","7","16"
"1","작곡과","음악학과","7","16"
"1","공연음악학과","음악학과","7","16"
"1","실용음악과","실용음악과","7","17"
"1","생활음악과","실용음악과","7","17"
"1","뮤직테크놀로지과","실용음악과","7","17"
"1","뮤직프로덕션과","실용음악과","7","17"
"1","대중음악과","실용음악과","7","17"
"1","보컬과","실용음악과","7","17"
"1","음악콘텐츠학과","실용음악과","7","17"
"1","음향제작과","음향과","7","18"
"1","음향과","음향과","7","18"
"2","푸드코디네이션과","식품/웰빙/여가","A001","10001"
"2","커피바리스타전공","식품/웰빙/여가","A001","10002"
"2","리조트개발학과","식품/웰빙/여가","A001","10003"
"2","국제소믈리에과","식품/웰빙/여가","A001","10004"
"2","화장품·향수전공","식품/웰빙/여가","A001","10005"
"2","축산계열(축산전공, 낙농한우전공, 양돈양계전공)","식품/웰빙/여가","A001","10006"
"2","호텔조리김치발효과","식품/웰빙/여가","A001","10007"
"2","관광크루즈승무원과","식품/웰빙/여가","A001","10008"
"2","웰빙테라피과","식품/웰빙/여가","A001","10009"
"2","하이브리드전기자동차과","과학/정보통신","A002","10001"
"2","모바일게임과","과학/정보통신","A002","10002"
"2","신재생에너지과","과학/정보통신","A002","10003"
"2","국방과학기술학과","과학/정보통신","A002","10004"
"2","쇼핑몰디자인창업과","과학/정보통신","A002","10005"
"2","발명특허학과","과학/정보통신","A002","10006"
"2","스마트폰컨텐츠과","과학/정보통신","A002","10007"
"2","시계주얼리과","과학/정보통신","A002","10008"
"2","유비쿼터스정보응용전공","과학/정보통신","A002","10009"
"2","풍수명리과","보건의료/교육","A003","10001"
"2","다문화복지과","보건의료/교육","A003","10002"
"2","미술치료과","보건의료/교육","A003","10003"
"2","보건허브과","보건의료/교육","A003","10004"
"2","게임제작과","문화/예술/스포츠","A004","10001"
"2","이종격투기전공","문화/예술/스포츠","A004","10002"
"2","스키스노우보드전공(스포츠레저학과)","문화/예술/스포츠","A004","10003"
"2","플로리스트과","문화/예술/스포츠","A004","10004"
"2","토이캐릭터디자인전공","문화/예술/스포츠","A004","10005"
"2","컬러리스트전공","문화/예술/스포츠","A004","10006"
"2","요가치유학과","문화/예술/스포츠","A004","10007"
"2","토이캐릭터창작과","문화/예술/스포츠","A004","10008"
"2","카이로스포츠과","문화/예술/스포츠","A004","10009"
"2","서비스유통과","문화/예술/스포츠","A004","10010"
"2","박물관큐레이터과","문화/예술/스포츠","A004","10011"
"2","골프학과","문화/예술/스포츠","A004","10012"
"2","격기지도학과","문화/예술/스포츠","A004","10013"
"2","문화재과","문화/예술/스포츠","A004","10014"
"2","한옥문화산업과","문화/예술/스포츠","A004","10015"
"2","카지노과","문화/예술/스포츠","A004","10016"
"2","승마조련전공","문화/예술/스포츠","A004","10017"
"2","자동차모터스포츠과","문화/예술/스포츠","A004","10018"
"2","국방탄약과.방공유도무기과","경영/금융/보안","A005","10001"
"2","부사관과","경영/금융/보안","A005","10002"
"2","VMD과","경영/금융/보안","A005","10003"
"2","콜마케팅과","경영/금융/보안","A005","10004"
"2","유통프랜차이즈전공","경영/금융/보안","A005","10005"
"2","교정보호학과","경영/금융/보안","A005","10006"
"2","자산운용학과","경영/금융/보안","A005","10007"
"2","자동차손해보상과","경영/금융/보안","A005","10008"
"2","신발패션산업과","방송/이벤트","A006","10001"
"2","보석감정딜러&디자인과","방송/이벤트","A006","10002"
"2","스타일리스트과","방송/이벤트","A006","10003"
"2","마술학과","방송/이벤트","A006","10004"
"2","쇼핑호스트과","방송/이벤트","A006","10005"
"2","분장예술과","방송/이벤트","A006","10006"
"2","웨딩이벤트과","방송/이벤트","A006","10007"
"2","안경디자인과","방송/이벤트","A006","10008"
"2","동물조련이벤트과","방송/이벤트","A006","10009"
"2","제철산업과","기타","A007","10001"
"2","장례복지과","기타","A007","10002"
"2","자동차딜러과","기타","A007","10003"
